{
    "0": 4.45707698504023,
    "1": 5.190258489241557,
    "2": 5.301357441440444,
    "3": 9.099169088237266,
    "4": 13.275848792218621,
    "5": 13.29156466263034,
    "6": 5.942791957586313,
    "7": 11.031356848047821,
    "8": 9.08361475464902,
    "9": 2.5682131933598225,
    "10": 3.1023208355645,
    "11": 10.606143599214954,
    "12": 6.372518457770703,
    "13": 19.50297406366049,
    "14": 5.941663118132379,
    "15": 4.612433119232563,
    "16": 5.811153861832547,
    "17": 6.130344342383655,
    "18": 10.29400145770434,
    "19": 6.8341540730727335,
    "20": 7.051518431723848,
    "21": 9.98119633839866,
    "22": 1.713780422235106,
    "23": 3.0705521101864246,
    "24": 10.773391323497606,
    "25": 13.742351597771203,
    "26": 11.008213167344435,
    "27": 13.305925989242814,
    "28": 6.59712006412727,
    "29": 10.575179785130395,
    "30": 6.906346421844556,
    "31": 4.875434676836933,
    "32": 6.508340104928341,
    "33": 7.408379069469726,
    "34": 7.370167288912112,
    "35": 2.09928104464421,
    "36": 3.1545575313269807,
    "37": 4.317114211912675,
    "38": 11.956252331718199,
    "39": 5.27694711059473,
    "40": 5.776090410208684,
    "41": 7.2197064538468005,
    "42": 2.176056696071351,
    "43": 9.862459697893472,
    "44": 2.9203644697383377,
    "45": 3.9864489944039714,
    "46": 21.270749307566238,
    "47": 4.054220527680056,
    "48": 4.382016978800335,
    "49": 6.093247259492819,
    "50": 4.048167111907329,
    "51": 8.383860619445617,
    "52": 5.963843781207695,
    "53": 8.51796893413142,
    "54": 8.590744116330175,
    "55": 5.384809851453651,
    "56": 5.41466552301602,
    "57": 6.359864920575364,
    "58": 11.694377616195784,
    "59": 2.387945003741074,
    "60": 5.973346661206929,
    "61": 6.265126337224519,
    "62": 8.654229132406208,
    "63": 9.116367976364858,
    "64": 4.019639082437485,
    "65": 7.120884782373009,
    "66": 5.294235788925459,
    "67": 6.724070956745961,
    "68": 4.225972625636423,
    "69": 7.8597421607610025,
    "70": 4.225972625636423,
    "71": 17.90210606936377,
    "72": 6.614272765591768,
    "73": 7.060562085574269,
    "74": 6.2872579000149456,
    "75": 3.273471323182323,
    "76": 5.001597320755108,
    "77": 7.551850860401895,
    "78": 11.748665381898233,
    "79": 10.812265070330685,
    "80": 5.5630919061319055,
    "81": 2.174406955237693,
    "82": 4.727025470634967,
    "83": 5.032340708505447,
    "84": 17.46484661837475,
    "85": 6.14772626322564,
    "86": 9.839377765859785,
    "87": 2.870309090388312,
    "88": 2.1818620334222425,
    "89": 6.069657662566517,
    "90": 5.2134423391608395,
    "91": 2.113459514905174,
    "92": 16.640516846654364,
    "93": 9.452547836286206,
    "94": 4.670907812436427,
    "95": 8.858740691425732,
    "96": 15.785592654825377,
    "97": 2.767056802744136,
    "98": 11.789981379784537,
    "99": 24.683370111373957,
    "100": 9.672508808957188,
    "101": 5.43364955171529,
    "102": 3.8413115543327416,
    "103": 12.14936624047802,
    "104": 4.8163109682270875,
    "105": 8.014611470752389,
    "106": 5.404369140774602,
    "107": 5.375797701354449,
    "108": 9.983459572468243,
    "109": 11.959486516060933,
    "110": 14.17416948687184,
    "111": 9.78928296566292,
    "112": 11.692495510324818,
    "113": 16.631655678214127,
    "114": 2.4520614575501987,
    "115": 4.760650493005591,
    "116": 9.178911781357183,
    "117": 4.68277978308908,
    "118": 11.5899946906988,
    "119": 5.064356496206342,
    "120": 2.7508378928431356,
    "121": 11.420821401247146,
    "122": 4.202094905057828,
    "123": 15.73523789162836,
    "124": 2.7444013736468866,
    "125": 11.73723823069548,
    "126": 10.296463513305367,
    "127": 5.642775024383864,
    "128": 7.277082320926185,
    "129": 4.748014774764695,
    "130": 6.209554925880135,
    "131": 10.040737342157323,
    "132": 2.2026299062381973,
    "133": 8.539746543288441,
    "134": 11.23546914740287,
    "135": 13.130802032909507,
    "136": 11.606880463068846,
    "137": 12.009212040267524,
    "138": 2.819377608062148,
    "139": 6.575949113706583,
    "140": 3.7943265055494932,
    "141": 9.376650824596306,
    "142": 3.5742488247300477,
    "143": 15.952297725356686,
    "144": 5.075144478546482,
    "145": 12.426728981492392,
    "146": 3.2663967575155564,
    "147": 2.8289285639377697,
    "148": 8.662450816248416,
    "149": 4.0641925871723785,
    "150": 2.9200803179189134,
    "151": 3.2068714431538177,
    "152": 7.039291829211641,
    "153": 11.613125686866324,
    "154": 11.956252331718199,
    "155": 18.554512943638308,
    "156": 3.895482750204723,
    "157": 5.104637353061103,
    "158": 10.29400145770434,
    "159": 3.4010532670567883,
    "160": 6.802191108170781,
    "161": 2.735360391371943,
    "162": 4.805777435579044,
    "163": 7.455241990806717,
    "164": 3.204035091802696,
    "165": 6.808884700947224,
    "166": 14.001987941907037,
    "167": 4.58592642880816,
    "168": 5.320935946444968,
    "169": 10.358550692791097
}